modelo,fold,accuracy,precision,recall,f1,balanced_accuracy,roc_auc,pr_auc,train_f1
Regresion logistica,1,0.666484656546904,0.3594566353187043,0.6956521739130435,0.47399242163279365,0.6770502128793522,0.7516887602321736,0.42599220086614836,0.5021763249978664
Regresion logistica,2,0.6770559930008749,0.37368014421838786,0.7358012170385395,0.49564474807856534,0.6983523653513947,0.7735376277364419,0.46137534746588527,0.4972679910203736
Regresion logistica,3,0.6715879265091863,0.369949494949495,0.742524075012671,0.49384796898702177,0.6972974579497884,0.7694476110803616,0.4502998809175647,0.49806638051931496
Regresion logistica,4,0.6655372171822057,0.36176171079429736,0.7198581560283688,0.481531684174856,0.6852252452615711,0.758079987573649,0.4323622588850605,0.5001680389850446
Regresion logistica,5,0.6704570303958014,0.36289473684210527,0.699290060851927,0.47782397782397784,0.680910712054065,0.7545140964300315,0.4270989837458323,0.5011523151058035
SVM lineal,1,0.662444031888173,0.3574903969270166,0.7057633973710818,0.47458779534251233,0.6781359123643262,0.7503085549908162,0.4232837213947832,0.5007307194454883
SVM lineal,2,0.6699475065616798,0.3678625568468924,0.7383367139959433,0.49106239460370993,0.694740024594179,0.7727643223760646,0.46046286500193884,0.4957927184870449
SVM lineal,3,0.6666666666666666,0.3669225055706858,0.7511403953370501,0.4930139720558882,0.6972826506039594,0.7675958093585677,0.449047398004364,0.4974636314090471
SVM lineal,4,0.6593070280905017,0.35787117632429744,0.7289766970618035,0.4800667222685571,0.6845580349420515,0.757460646946895,0.43155067063381464,0.49877323574666277
SVM lineal,5,0.6675049201836869,0.360625814863103,0.7013184584178499,0.47632168073015324,0.6797643309652672,0.7536141257787448,0.4249096092074636,0.5008304268393955
Red neuronal MLP,1,0.6769684394452331,0.37246225923997917,0.7234580384226491,0.4917525773195876,0.6938086960465384,0.7631671608194387,0.44507359929267254,0.5509520376574361
Red neuronal MLP,2,0.6801181102362205,0.3749015489629824,0.7241379310344828,0.49403217436429686,0.6960762159355347,0.7760138735379529,0.4751120019677689,0.5480943738656987
Red neuronal MLP,3,0.6852580927384077,0.380385937086968,0.7293461733400912,0.5,0.7012370247539949,0.7735786131885176,0.451254850039655,0.5457756602456155
Red neuronal MLP,4,0.6620395671658105,0.3600400600901352,0.7284701114488349,0.4819034852546917,0.6861165888254628,0.7589386060599643,0.46870258058581005,0.5339000040094624
Red neuronal MLP,5,0.6889350535753335,0.3795197350262214,0.697261663286004,0.4915102770330652,0.6919539428780174,0.7637155400021829,0.46183697982879995,0.5527420791449293
Arbol de decision,1,0.6348148957082014,0.3428439944776806,0.7532861476238625,0.4712207463630613,0.6777295761103015,0.7468220561290508,0.4579394693749302,0.5255583126550869
Arbol de decision,2,0.6800087489063867,0.37687145069695405,0.7403651115618661,0.49948682860075266,0.7018891927022939,0.7709803181518391,0.4791057907212719,0.5226434638491817
Arbol de decision,3,0.6652449693788276,0.3671875,0.7622909275215408,0.4956335475366617,0.700417531812646,0.7690950266189429,0.47947561764743185,0.5243912370714228
Arbol de decision,4,0.6692534703246257,0.3640826873385013,0.7137791286727457,0.48220396988364134,0.6853913064966516,0.7408091248954174,0.4673664842903663,0.5263939293962389
Arbol de decision,5,0.6989940957795757,0.3865814696485623,0.6749492900608519,0.49159741458910433,0.6902764292512233,0.7611713487005984,0.4598060122726185,0.5430320489737126
K vecinos mas cercanos,1,0.725565141421863,0.4057102573140641,0.5819009100101112,0.47808930425752855,0.6735246296811943,0.744310940332514,0.4328557910605423,0.6031780231618638
K vecinos mas cercanos,2,0.7239720034995626,0.40028901734104044,0.5618661257606491,0.4675105485232067,0.6652052324285678,0.7456394189596911,0.4573715972750715,0.6041277798517413
K vecinos mas cercanos,3,0.7353455818022747,0.41663558373741144,0.5661429295489103,0.4800171895143962,0.6740211231205715,0.7514848870008679,0.4631755314946227,0.5994448596135369
K vecinos mas cercanos,4,0.7279484096622582,0.40373831775700936,0.547112462006079,0.46461604646160465,0.6624064052190674,0.7314448104098931,0.4424948652903235,0.6039952996474736
K vecinos mas cercanos,5,0.7323420074349443,0.4068128425998434,0.5268762677484787,0.45912505523641184,0.6578485046576238,0.739126061487533,0.43077304105718683,0.6040574182954606
Votacion,1,0.6819919187506825,0.37825860271115747,0.7335692618806876,0.499140006879945,0.7006751449395081,0.7726905699425819,0.48338401698439337,0.5424395247457048
Votacion,2,0.6943350831146107,0.3897669434770962,0.7378296146044625,0.5100788781770377,0.7101027604533745,0.7893526662737329,0.5073809730463473,0.542821052631579
Votacion,3,0.6868985126859143,0.3837513061650993,0.7445514445007603,0.5064644026891916,0.7077937810985184,0.7884342330851518,0.500704320254302,0.5422750282391332
Votacion,4,0.6813859438189966,0.37569352708058124,0.7203647416413373,0.49383573537072406,0.6955133812736303,0.7696220200586721,0.49944016871010727,0.5374007521938988
Votacion,5,0.6989940957795757,0.38896787034404323,0.6937119675456389,0.49845144835124794,0.697079011372485,0.7756455939325636,0.4904076060032458,0.5522950890728621
Bagging,1,0.6904007862837174,0.38508983641727007,0.7259858442871587,0.5032416330821797,0.703291013799799,0.7762302727974005,0.5169724228898743,0.5501820072802912
Bagging,2,0.6980533683289589,0.39159109645507006,0.7226166328600405,0.5079308501158438,0.7069580654540024,0.7879490572985546,0.5035172743071724,0.5467836257309941
Bagging,3,0.6991469816272966,0.39336622807017546,0.727318803852002,0.5105853051058531,0.7093573520026988,0.786213237230007,0.5133947729033963,0.5483714146815751
Bagging,4,0.7025904470433927,0.3945213216605479,0.7077001013171226,0.5066183136899365,0.7044423851533348,0.7821530065061832,0.5138615618834049,0.5498476460237758
Bagging,5,0.7061010277717035,0.39586969168121,0.6901622718052738,0.5031423290203327,0.7003222844947752,0.7789193326023487,0.48652276537629147,0.5553580948995912
Boosting AdaBoost,1,0.6537075461395654,0.35490148382388714,0.7376137512639029,0.47922483166365576,0.6841014849090096,0.7543237487272944,0.4505240336747378,0.4911491524011829
Boosting AdaBoost,2,0.675524934383202,0.37246859779543706,0.736815415821501,0.4948067427209263,0.6977440157746657,0.7720475106595517,0.46430672251367283,0.48767055729081044
Boosting AdaBoost,3,0.6640419947506562,0.3690731474862997,0.7850988342625443,0.5021069692058346,0.7079168693694537,0.7768510366166932,0.4658188920960842,0.4861380820559435
Boosting AdaBoost,4,0.6353699857907968,0.3488681757656458,0.7963525835866262,0.48518518518518516,0.6937163614797243,0.7646898178056901,0.45593548141696844,0.48603938024531956
Boosting AdaBoost,5,0.6453094248851957,0.3465250965250965,0.7281947261663286,0.4695879659908437,0.67536025686627,0.7481296557152801,0.444049823921826,0.4858401510383889
Regresion logistica ajustada,1,0.6647373593971825,0.35906040268456374,0.7032355915065723,0.475393028024607,0.678682846596022,0.7532450914650937,0.4282807859889912,0.4997447677386422
Regresion logistica ajustada,2,0.6757436570428696,0.37233221907945485,0.7342799188640974,0.4941136324859239,0.6969642762195556,0.7743507402576393,0.46571586389073377,0.49627749576988156
Regresion logistica ajustada,3,0.6714785651793526,0.37160647571606475,0.7562088190572732,0.4983299933199733,0.7021875220652424,0.7728513922757109,0.45497379895205714,0.4964617144794271
Regresion logistica ajustada,4,0.6633511859219586,0.3599290780141844,0.7198581560283688,0.4799054373522459,0.6838315170385747,0.757326287027525,0.4326512480427052,0.4981475244189963
Regresion logistica ajustada,5,0.671003717472119,0.3630842355426459,0.697261663286004,0.4775134571974301,0.6805237783951625,0.755417742739021,0.4332070233789356,0.4999370673379484
SVM lineal ajustada,1,0.6581849950857268,0.3566450970632155,0.724469160768453,0.47798532354903267,0.6821955777376183,0.7493175734021442,0.41672299896355336,0.5008622813500863
SVM lineal ajustada,2,0.6667760279965005,0.3685497676693568,0.7641987829614605,0.49727767695099817,0.7020938142358892,0.7725207421468886,0.45552135769621216,0.4948745998946558
SVM lineal ajustada,3,0.6562773403324584,0.3650830258302583,0.8023314749113026,0.5018227928356317,0.7092120350431566,0.7726308723760165,0.4482545129115115,0.49448743134346307
SVM lineal ajustada,4,0.6490326811673407,0.3531227736879601,0.7532928064842959,0.48084074373484237,0.6868206192700225,0.7552376716124956,0.424489330155785,0.49847430733553033
SVM lineal ajustada,5,0.6611633500984037,0.35823899371069184,0.7221095334685599,0.47889692281822765,0.6832599521259721,0.7526108832831653,0.42726359938868247,0.4993494877215807
